title,description,country,sectors,link,finance
ecolyze,"Ecolyze gives you a state of the art experience, putting customers at the heart of the climate change fight. Ecolyze enables you to drive your footprint reduction action in an easy manner.",Hungary [Budapest] Netherlands Germany,"Climate Change / Other Digital, including Content and Services",https://ec.europa.eu/eipp/desktop/en/projects/project-12264.html,2% financed
Runlimit,We make instant personal fit for any helmet and optionally make 3D head scanning with phone for virtual helmet try-on and custom made helmets,Italy [Lombardia] Italy,"Other Digital, including Content and Services / Research, Development & Innovation",https://ec.europa.eu/eipp/desktop/en/projects/project-12261.html,25% financed
CitySensorPass,Qualification levels of smart city sensors in relation to their level of vendor lock-in,Netherlands [Zuid-Holland],"Other Digital, including Content and Services / Social Infrastructure, Social and Solidarity Economy",https://ec.europa.eu/eipp/desktop/en/projects/project-12259.html,5% financed
Multilingual Financial Terminology Database,Multilingual Financial Terminology Database (currently 8 languages & 5 language variants. Looking for investment to scale up to 20+ languages,Ireland [Mid-West],"Other Digital, including Content and Services / Industry for SMEs & Mid-Caps",https://ec.europa.eu/eipp/desktop/en/projects/project-12257.html,50% financed
3D Bonding: Transforms the footwear business,The 3D Bonding technology replaces the traditional stitched seams by constructing a product as a three-dimensional puzzle in which all the pieces are joined by their edges by chemical bonding.,Spain [Comunidad Valenciana] Germany [BAYERN],"Industry for SMEs & Mid-Caps / Research, Development & Innovation",https://ec.europa.eu/eipp/desktop/en/projects/project-12255.html,0% financed
Innovative Aeronautical Propulsor - Full Electric,Innovative aeronautical propulsor powered only and exclusively by electricity supplied by hydrogen fuel cells installed on board aircraft and able to equip any size and type of aircraft.,Italy [Campania] Italy,New Technologies and Transport Greening / Climate Change,https://ec.europa.eu/eipp/desktop/en/projects/project-12249.html,0% financed
New Disruptive efficacious Treatment for PTSD,"Post Traumatic Stress Disorder is a serious and widespread condition which has no current treatment.DisruPep is developing a novel, safe and efficacious treatment for PTSD which is a $2B market.",Spain [Comunidad de Madrid],"Health / Research, Development & Innovation",https://ec.europa.eu/eipp/desktop/en/projects/project-12243.html,1% financed
YouHonor,YouHonor is the social network that makes it possible for users to make personal and group commitments in an innovative manner and to follow other users in their commitments.,France [Hauts-de-France],"Other Digital, including Content and Services / Industry for SMEs & Mid-Caps",https://ec.europa.eu/eipp/desktop/en/projects/project-12239.html,1% financed
LEGID_,LEGID is a platform that brings quality legal services at affordable prices to people across the world.,Estonia [Põhja-Eesti] Lithuania [Vilniaus apskritis] Latvia [Rīga],"Other Digital, including Content and Services / Industry for SMEs & Mid-Caps",https://ec.europa.eu/eipp/desktop/en/projects/project-12238.html,15% financed
Contact,"Logica Informatica srl is an innovative telecommunications operator that became operational in Sardinia in 2015, born with the aim and potential of truly breaking down the digital divide.",Italy [Sardegna],"ICT Infrastructures, including Broadband / Industry for SMEs & Mid-Caps",https://ec.europa.eu/eipp/desktop/en/projects/project-12237.html,0% financed
U-earth bio-reactors,"Revolutionary bio-technology that captures and destroys any contaminant (pollutant, allergen, virus,) through a natural process of bio oxidation that uses good bacteria to ""digest"" the contaminant",Italy [Lombardia],Climate Change / Industry for SMEs & Mid-Caps,https://ec.europa.eu/eipp/desktop/en/projects/project-12236.html,5% financed
CanSense - Transforming Cancer Diagnosis,"CanSense is developing an accurate, fast, non-invasive diagnostic for the early detection of Cancer using Spectroscopy and AI-based technologies on a simple blood sample.",United Kingdom [West Wales and The Valleys] United Kingdom [Hampshire and Isle of Wight],Health / Industry for SMEs & Mid-Caps,https://ec.europa.eu/eipp/desktop/en/projects/project-12235.html,0% financed
"Nanonap, Deep Tech for Deep Sleep",Our mission is to optimize sleep to boost immunity and therefore help post-covid recovery! Our deep tech headband optimizes the deep sleep thanks to electrical stimulations.,France [Île de France] Germany [BADEN-WÜRTTEMBERG] United Kingdom [Inner London],"Health / Research, Development & Innovation",https://ec.europa.eu/eipp/desktop/en/projects/project-12232.html,8% financed
Wood of Value,Mindful use of wood for efficient use of local wood through the development of local processing technologies and promoting energy-efficient buildings.,Italy [Lombardia] France Germany,"Agriculture and rural development, forestry and bio-economy / Resource Efficiency and Environmental Protection, including Blue Economy",https://ec.europa.eu/eipp/desktop/en/projects/project-12231.html,0% financed
Sustainable rural accommodation,"Upgrading of an area of 40 ha containing 20 ruined buildings destroyed by years of neglect. As well as restoring the abandoned area, upgrading will involve accommodation in rural mountain areas.",Italy [Lombardia] Finland Austria,"Agriculture and rural development, forestry and bio-economy / Resource Efficiency and Environmental Protection, including Blue Economy",https://ec.europa.eu/eipp/desktop/en/projects/project-12230.html,0% financed
Slicy,"Slicy provides an employee benefits, rewards and gifts app to effortlessly personalize compensation packages, using AI technology for profiling.",Romania [Bucureşti - Ilfov] Poland Italy,"Human Capital, Education & Training / Industry for SMEs & Mid-Caps",https://ec.europa.eu/eipp/desktop/en/projects/project-12224.html,10% financed
Ocean Retriever,"The Ocean Retriever ship is a specialize factory ship that tours every port to each Canary Island collecting large bales of unrecyclable plastics, to process into clean hydrogen for island mobility.",Spain [Canarias] Greece [Extra-Regio NUTS 2] Croatia [Croatia Extra-Regio],"Renewable Energy Production / Resource Efficiency and Environmental Protection, including Blue Economy",https://ec.europa.eu/eipp/desktop/en/projects/project-12223.html,0% financed
Home Best Pal,Online E-service Platform,Romania [Nord-Est] Romania,"Other Digital, including Content and Services / Industry for SMEs & Mid-Caps",https://ec.europa.eu/eipp/desktop/en/projects/project-12218.html,20% financed
SILK BIO REFINERY,"Silk Bio Refinery – A revolutionary transformation in the Textile Industry against the negative economic consequences of COVID-19, based on renewable resources.",Bulgaria [Монтана (Montana)],"Agriculture and rural development, forestry and bio-economy / Industry for SMEs & Mid-Caps",https://ec.europa.eu/eipp/desktop/en/projects/project-12212.html,12% financed
Ocean Shapers Platform Development,"Ocean Shapers develops a platform for mobile gaming, sustainable shopping, and contributing to environment protection via gamifying the activity of ocean plastic collection and visualizing the impact.",Hungary [Budapest] Netherlands [Noord-Holland] France [Île de France],"Resource Efficiency and Environmental Protection, including Blue Economy / Industry for SMEs & Mid-Caps",https://ec.europa.eu/eipp/desktop/en/projects/project-12211.html,5% financed
CFS CERTIFICATION AND SCALE-UP (CFS2CCSU),"CFS (CarbonFiberStone) can replace cement, concrete, steel and other metals to reduce worldwide GHG emissions by 20%. This projects aims to scale up CFS production by enabling product certification.",France [Île de France] Netherlands [Zeeland] Belgium [Prov. Antwerpen],"Resource Efficiency and Environmental Protection, including Blue Economy / Industry for SMEs & Mid-Caps",https://ec.europa.eu/eipp/desktop/en/projects/project-12206.html,0% financed
Empathic Identities of Virtual Agents/AI,The project uses behavioural and neurophysiological data collected in a series of experiments designed to measure the strongest empathic response in human participants engaged in human-AI interaction.,Romania [Nord-Est],"Other Digital, including Content and Services / Health",https://ec.europa.eu/eipp/desktop/en/projects/project-12203.html,0% financed
Algae To Bio-Methane,"Bio methane gas production from wet biomass generated via in house
microalgae cultivation in fresh water open ponds.",Italy [Puglia],"Renewable Energy Production / Gas Infrastructure incl. transmission, distribution, storage and LNG",https://ec.europa.eu/eipp/desktop/en/projects/project-12189.html,20% financed
"MJN-SERAS, Seizure Risk Assessment for Epilepsy","SERAS is a wearable, discrete and non-invasive device to assess the risk of epileptic seizures and send a warning to the user before the onset of the seizure, to prevent accidents and injuries",Spain [Cataluña],Health / Industry for SMEs & Mid-Caps,https://ec.europa.eu/eipp/desktop/en/projects/project-12169.html,0% financed
restado - reuse of construction materials,restado wants to enable the reuse of construction materials by matching the supply of it with the demand in new construction projects.,Germany [BADEN-WÜRTTEMBERG] Austria,"Resource Efficiency and Environmental Protection, including Blue Economy / Industry for SMEs & Mid-Caps",https://ec.europa.eu/eipp/desktop/en/projects/project-12133.html,30% financed
Chatbots Automated Testing platform,"Build the first chatbot testing platform for developers & non technical people which offers automated testing for all the major chatbot technologies, managed from one central place.",Netherlands [Zuid-Holland],"Other Digital, including Content and Services / Industry for SMEs & Mid-Caps",https://ec.europa.eu/eipp/desktop/en/projects/project-12399.html,5% financed
AIDA,Voicebot AIDA – a virtual medical assistant implementing AI/NLP & medical knowledge to optimise patients journey.,Poland [Podlaskie],Health / Industry for SMEs & Mid-Caps,https://ec.europa.eu/eipp/desktop/en/projects/project-12398.html,20% financed
Reskilling Women through Tech Sprints,"CodeOp provides educational on-ramps to support women, trans, and non-binary individuals’ transition into the tech industry.",Spain [Cataluña] Germany [BERLIN] Portugal [Lisboa],"Human Capital, Education & Training / Industry for SMEs & Mid-Caps",https://ec.europa.eu/eipp/desktop/en/projects/project-12397.html,0% financed
ComeTogether,"Giving control of the entire ticket lifecycle to event organizers, with the power of blockchain.",Greece [Κεντρική Μακεδονία (Kentriki Makedonia)] Germany [BAYERN] France [Provence-Alpes-Côte dAzur],"Cultural & Creative Industries / Other Digital, including Content and Services",https://ec.europa.eu/eipp/desktop/en/projects/project-12396.html,31% financed
Greensuite,Swyft Technology simplifies the installation of renewable energy projects through its unique six technology applications.,Ireland [South-West (IE)],"Other Digital, including Content and Services / Energy Efficiency",https://ec.europa.eu/eipp/desktop/en/projects/project-12390.html,40% financed
OWO Game haptic gaming vest,"OWO is a haptic gaming vest which allows players to feel over 30
different sensations in realtime while playing video games.",Spain [Andalucía],"Other Digital, including Content and Services / Research, Development & Innovation",https://ec.europa.eu/eipp/desktop/en/projects/project-12386.html,50% financed
"Fight Eat Club - Cook, Challenge, Win",Several months ago we discovered how to bring Italian food & beverage excellence into the digital world and we are eager to show it!,Italy [Lombardia] Italy [Sicilia] France [Bretagne],"Agriculture and rural development, forestry and bio-economy / Other Digital, including Content and Services",https://ec.europa.eu/eipp/desktop/en/projects/project-12382.html,1% financed
B.A.M Blockchain Ticketing,"B.A.M is the first automated high-performance transaction system and market place for tamper-proof event ticketing. eliminating black markets, automated bots, scalpers and any fraudulent behavior.",Austria [Wien] Austria,"Cultural & Creative Industries / Other Digital, including Content and Services",https://ec.europa.eu/eipp/desktop/en/projects/project-12377.html,17% financed
Entoprot,We are seeking funding to build and test a pilot factory for insect mass rearing. We have invented the first real bio-reactor for insect protein production. It will be the gold standard in the field.,Finland [Pohjois-Pohjanmaa] Germany France,"Resource Efficiency and Environmental Protection, including Blue Economy / Agriculture and rural development, forestry and bio-economy",https://ec.europa.eu/eipp/desktop/en/projects/project-12376.html,10% financed
Nimest Virtual Humans,"Nimest is a Spatial Computing studio focused on the development of tools and experiences with ""Virtual Humans"" that can communicate and interact with users and the environment. All powered by AI",France [Centre-Val de Loire] Portugal [Norte] United Kingdom [Inner London],"Research, Development & Innovation / Other Digital, including Content and Services",https://ec.europa.eu/eipp/desktop/en/projects/project-12374.html,2% financed
Embneusys Platform,"IoT platform for helping construction and rental companies to monitor their equipment regarding location and working conditions, using NB IoT.",Greece [Κεντρική Μακεδονία (Kentriki Makedonia)],"Other Digital, including Content and Services / Industry for SMEs & Mid-Caps",https://ec.europa.eu/eipp/desktop/en/projects/project-12373.html,10% financed
AR/VR power to reshape Education & Training,"Our aim is to reimagine education/training with the power of AR/VR interactive and immersive technology combined with gamification, without disruption of educational roots and value.",Italy [Lazio],"Human Capital, Education & Training / Tourism",https://ec.europa.eu/eipp/desktop/en/projects/project-12372.html,20% financed
CES,The Clima Energy System (CES) is a revolutionary solution which addresses the continuously increasing power demand and fills the energy gaps 24/7 with zero CO2 footprint.,United Kingdom [Inner London] Greece [Aττική (Attiki)],Renewable Energy Production / Energy Efficiency,https://ec.europa.eu/eipp/desktop/en/projects/project-12371.html,0% financed
BlueBots,The project is focusing on the development of artificial intelligence powered chatbots with aim on digital transformation of a variety of sectors such as banking and tourism and post COVID-19 recovery,Cyprus [Κύπρος (Kýpros)] Spain [Comunidad de Madrid],"Other Digital, including Content and Services / Health",https://ec.europa.eu/eipp/desktop/en/projects/project-12366.html,1% financed
Bye Bye Stuttering,Bye Bye Stuttering will help 80 million people who stutter or stammer to regain their smooth speech. Our multilingual AI driven app will make this possible for anyone with internet access.,Bulgaria [София (столица) (Sofia (stolitsa))],"Health / Human Capital, Education & Training",https://ec.europa.eu/eipp/desktop/en/projects/project-12365.html,6% financed
Digitalisation saving physical stores/showrooms,"Organisations meeting prospects/customers in physical stores/show rooms have major problems competing with e-commerce.
There is an urgent need to learn from e-commerce and improve conversion rates.",France [Île de France] Sweden [Stockholms län],"Other Digital, including Content and Services / Research, Development & Innovation",https://ec.europa.eu/eipp/desktop/en/projects/project-12363.html,1% financed
VNX,VNX is a digital asset investment platform powered by blockchain,Luxembourg [Luxembourg],"Industry for SMEs & Mid-Caps / Other Digital, including Content and Services",https://ec.europa.eu/eipp/desktop/en/projects/project-12362.html,10% financed
Space providing water for all,WEO turns earth observation data into digestible water information for our clients using deep learning algorithms with a focus on sustainable urbanisation and sustainable agriculture.,Luxembourg [Luxembourg] Belgium,"Natural Resources / Research, Development & Innovation",https://ec.europa.eu/eipp/desktop/en/projects/project-12360.html,15% financed
Virtual Classroom/ Learning Management Systems,"Infiniti provides an economical, secure and easy solution for the mass transition to blended learning, through private server based virtual classrooms and learning management systems.",United Kingdom [Eastern Scotland] Greece [Aττική (Attiki)],"Human Capital, Education & Training / Other Digital, including Content and Services",https://ec.europa.eu/eipp/desktop/en/projects/project-12359.html,5% financed
See the world through your ears.,"We are developing an intuitive audio augmented reality navigation application to guide the users in an easy way. To go somewhere, the users simply need to follow the sounds they hear.",Austria [Wien],"Social Infrastructure, Social and Solidarity Economy / Industry for SMEs & Mid-Caps",https://ec.europa.eu/eipp/desktop/en/projects/project-12358.html,15% financed
CHAOS AI,CHAOS is an urban forecasting company for creating liveable cities.,Finland [Helsinki-Uusimaa],"Other Digital, including Content and Services / Industry for SMEs & Mid-Caps",https://ec.europa.eu/eipp/desktop/en/projects/project-12357.html,30% financed
ASSESS,"VERTLINER is establishing a digital space, to remotely connect buildings with people, equipment and factories through an end-to-end process powered by IoT.",Greece [Aττική (Attiki)],"ICT Infrastructures, including Broadband / Industry for SMEs & Mid-Caps",https://ec.europa.eu/eipp/desktop/en/projects/project-12356.html,2% financed
DART_LFT_HighSense_CoV2,DART Diagnostics developed a bio-inspired polymer for signal amplification of immunoassays (patent submission: 10/02/2020) and leads a consortium to use it in lateral flow tests to detect Coronavirus.,Portugal [Lisboa],"Health / Research, Development & Innovation",https://ec.europa.eu/eipp/desktop/en/projects/project-12355.html,35% financed
BRUCE Platform,"BRUCE Platform is the next industry standard of how transactions are made in the Built Environment.
Automated Information Exchange Platform for Smart Buildings, Smart Cities and Smart Communities.",Estonia [Põhja-Eesti],"Other Digital, including Content and Services / Research, Development & Innovation",https://ec.europa.eu/eipp/desktop/en/projects/project-12353.html,0% financed
SolarDew,"SolarDew has developed a point of use, solar desalination technology that can be rapidly deployed after a natural disaster or as a permanent source of drinking water for households and communities.",Netherlands [Utrecht],Climate Change / Natural Resources,https://ec.europa.eu/eipp/desktop/en/projects/project-12351.html,0% financed
WAISENSE: Water Innovation,WAISENSE is an innovative modular IoT solution to raise water-efficiency in different applications and sectors. The technology is internationally patented and already in the market.,Spain [Andalucía],"Research, Development & Innovation / Climate Change",https://ec.europa.eu/eipp/desktop/en/projects/project-12350.html,41% financed
Changing the future of online shopping,"Aequem is the multi-label e-commerce platform bringing over 70 sustainable stylish labels for women and men (fashion, home and beauty) in one seamless destination that makes sustainability effortless.",United Kingdom [Inner London] Netherlands [Noord-Holland],"Resource Efficiency and Environmental Protection, including Blue Economy / Other Digital, including Content and Services",https://ec.europa.eu/eipp/desktop/en/projects/project-12347.html,0% financed
Simply more tennis,"MyGames is helping tennis court owners to reduce costs, improve occupancy, increase revenue and profit.",Estonia [Lääne-Eesti] Germany [BERLIN] United Kingdom [Inner London],"Other Digital, including Content and Services / Industry for SMEs & Mid-Caps",https://ec.europa.eu/eipp/desktop/en/projects/project-12344.html,1% financed
AGITRON,Agitron helps retailers improve customer engagement and increase sales by using its proprietary Agitron Smart Labels and cloud-based software that integrates with all modern ERP systems.,Slovenia [Podravska],"Other Digital, including Content and Services / Industry for SMEs & Mid-Caps",https://ec.europa.eu/eipp/desktop/en/projects/project-12342.html,0% financed
Sustainify - A tool to do responsible investing,"Sustainify rates listed companies on their CSR, so investors can make easy, sustainable investing. We research and fact-check claims made by the companies and generate sustainability data.",Denmark [Hovedstaden],"Research, Development & Innovation / Human Capital, Education & Training",https://ec.europa.eu/eipp/desktop/en/projects/project-12340.html,0% financed
BrightCure,"BrightCure develops novel bio-active products that fight harmful bacteria and rebalance the microbiome, boosting the natural immune system to promote a healthy urinary tract and intimate flora.",United Kingdom [Inner London],Health / Industry for SMEs & Mid-Caps,https://ec.europa.eu/eipp/desktop/en/projects/project-12338.html,20% financed
FootAR,An Augmented Reality Second Screen App that empower sports fans to enhance live smart data,Portugal [Região Autónoma da Madeira],"Other Digital, including Content and Services / Industry for SMEs & Mid-Caps",https://ec.europa.eu/eipp/desktop/en/projects/project-12336.html,1% financed
Disruptive Floating Wind Technology,"X1 Wind is developing an innovative floating wind concept to make a step change in the offshore wind sector, by providing a reliable low-cost solution that can be installed at sea in deep waters.",Spain [Cataluña],Renewable Energy Production / Industry for SMEs & Mid-Caps,https://ec.europa.eu/eipp/desktop/en/projects/project-12335.html,60% financed
Apatxee on time,Apatxee on time is a marketplace for small Spanish businesses with pick-up and delivery in one hour!,Spain [Comunidad Foral de Navarra],"New Technologies and Transport Greening / Social Infrastructure, Social and Solidarity Economy",https://ec.europa.eu/eipp/desktop/en/projects/project-12333.html,10% financed
LUGGIt,"LUGGit is a mobile app and allows anyone who travels to request a Keeper to collect their luggage, keep it and deliver at the place and time they choose.",Portugal [Lisboa] Portugal [Norte],"Other Digital, including Content and Services / Industry for SMEs & Mid-Caps",https://ec.europa.eu/eipp/desktop/en/projects/project-12331.html,14% financed
MycoTEX,MycoTEX is a ground breaking seamless manufacturing method allowing for custom-made clothes made from compostable mushroom roots.,Netherlands [Utrecht],"Research, Development & Innovation / Cultural & Creative Industries",https://ec.europa.eu/eipp/desktop/en/projects/project-12329.html,18% financed
CellUnite,"CellUnite is developing the world’s first automated cell extractor, which can be used for osteoarthritis, chronic injuries, etc. and allows personalisation and optimisation of therapy.",Germany [BAYERN],Health / Industry for SMEs & Mid-Caps,https://ec.europa.eu/eipp/desktop/en/projects/project-12328.html,2% financed
Childfy,Childfy is a community of families who seek to save time by sharing trips to school and all the extra-curricular activities.,Spain [Andalucía] Spain,Urban Mobility Projects / Industry for SMEs & Mid-Caps,https://ec.europa.eu/eipp/desktop/en/projects/project-12326.html,5% financed
YooniK: Intelligent Customer Recognition,"YooniK makes the process of proving who you are, paying for services or access spaces contactless, convenient, private and secure, through privacy-first facial recognition offered as SaaS.",Portugal [Lisboa],"Other Digital, including Content and Services / Industry for SMEs & Mid-Caps",https://ec.europa.eu/eipp/desktop/en/projects/project-12324.html,4% financed
Automated 2D echocardiography with AI,Deep Learning based software for automatic analysis of 2D heart ultrasound images (echocardiograms) for faster and more accurate analysis.,Lithuania [Vilniaus apskritis],"Health / Research, Development & Innovation",https://ec.europa.eu/eipp/desktop/en/projects/project-12322.html,18% financed
Transforming carbon footprint,"GreenPay design a green and interactive digital city map to promote and activate circular economy flow and sustainable business impact, ultimately attempting to achieve carbon neutral city goal.",Finland [Helsinki-Uusimaa],"Climate Change / Other Digital, including Content and Services",https://ec.europa.eu/eipp/desktop/en/projects/project-12320.html,1% financed
imZERT - excellent traceability for plastic,"Our technology creates traceable barcodes on plastic, at low cost and without any contamination. This raises Quality, improves Sustainability and Defends Brand Value for our Customers.",Denmark [Hovedstaden] Denmark,"Resource Efficiency and Environmental Protection, including Blue Economy / New Technologies and Transport Greening",https://ec.europa.eu/eipp/desktop/en/projects/project-12319.html,10% financed
The Mighty Kitchen,"The Mighty Kitchen is a food technology company using data modelling and biochemistry to make delicious, fibrous, plant-based poultry products and ingredients.",United Kingdom [Inner London] Cyprus [Extra-Regio NUTS 3] Greece [Extra-Regio NUTS 2],"Resource Efficiency and Environmental Protection, including Blue Economy / Agriculture and rural development, forestry and bio-economy",https://ec.europa.eu/eipp/desktop/en/projects/project-12318.html,55% financed
Hookle,Making social media marketing super easy for small businesses.,Finland [Helsinki-Uusimaa],"Industry for SMEs & Mid-Caps / Other Digital, including Content and Services",https://ec.europa.eu/eipp/desktop/en/projects/project-12317.html,8% financed
nearbyDoc,nearbyDoc APP is an available doctor/veterinary search service available globally.,Italy [Lombardia] France [Île de France] Germany [BERLIN],Health / Industry for SMEs & Mid-Caps,https://ec.europa.eu/eipp/desktop/en/projects/project-12311.html,10% financed
Doggies in Town,"Bringing everyday smiles to the lives of dogs, dog owners & dog businesses by connecting them to each other & offering the widest range of choice out there.",Spain [Comunidad de Madrid] Spain [Cataluña] United Kingdom,"Other Digital, including Content and Services / Industry for SMEs & Mid-Caps",https://ec.europa.eu/eipp/desktop/en/projects/project-12310.html,1% financed
Massive Scaling of COVID19 testing using NGS,PCR doesn’t scale well - it’s also slow. We leverage Next Generation Sequencing to massively scale access to COVID19 testing enabling test of 20% of the world population in 1 week.,Denmark [Hovedstaden],Health / Industry for SMEs & Mid-Caps,https://ec.europa.eu/eipp/desktop/en/projects/project-12309.html,0% financed
Block Buy,The circular e-commerce that empowers neighborhoods to shine again,Italy [Lazio] Italy [Emilia-Romagna],"Other Digital, including Content and Services / Industry for SMEs & Mid-Caps",https://ec.europa.eu/eipp/desktop/en/projects/project-12307.html,10% financed
SnoreFree® health app,SnoreFree® is the 1st health app with a solid scientific background that can heal the problem of snoring. SnoreFree offers a highly effective anti-snore gym based on simple speech therapy exercises.,Austria [Wien],"Health / Other Digital, including Content and Services",https://ec.europa.eu/eipp/desktop/en/projects/project-12304.html,40% financed
Staiy,"Staiy is the first sustainable fashion marketplace merging aesthetics, sustainability and AI-technology in one place.",Germany [BERLIN] Netherlands Sweden,"Industry for SMEs & Mid-Caps / Other Digital, including Content and Services",https://ec.europa.eu/eipp/desktop/en/projects/project-12303.html,26% financed
"V-Tools - If you don’t experience it, you don’t feel it","Our product uses a disruptive method to effectively change people’s values and behaviours. We want to prevent a social problem, namely bullying in schools and gender inequality during adolescence.",Spain [Cataluña],"Human Capital, Education & Training / Cultural & Creative Industries",https://ec.europa.eu/eipp/desktop/en/projects/project-12302.html,0% financed
enrouteQ - Public Transport Simplified,"We help create sustainable cities with inclusive, safe and affordable mobility for all. A single cloud-based platform to digitize public transport networks and operations.",Sweden [Västra Götalands län] Poland [Warmińsko-Mazurskie] Sweden,"Urban Mobility Projects / Other Digital, including Content and Services",https://ec.europa.eu/eipp/desktop/en/projects/project-12301.html,34% financed
Solar Heated Packages,"Ultra-portable and lightweight solar heated packaging solutions for safe and easy outdoor heating, cooking, sterilizing, food preservation and water pasteurizing.",Finland [Helsinki-Uusimaa],"Research, Development & Innovation / Industry for SMEs & Mid-Caps",https://ec.europa.eu/eipp/desktop/en/projects/project-12298.html,5% financed
Enjoy The Ride - sustainable business travel,ENJOY THE RIDE is a (B2B SaaS) business travel management solution which optimizes the business traveller’s customer journey. Enjoy The Ride’s mission is to bring joy back in business travel.,Netherlands [Noord-Holland] United Kingdom [Inner London] Germany [BERLIN],"Other Digital, including Content and Services / New Technologies and Transport Greening",https://ec.europa.eu/eipp/desktop/en/projects/project-12295.html,5% financed
The Predictive Company,"At Predictive Company we help companies save money by reducing the energy inefficiencies and by doing so, we encourage a sustainable and green world.",Spain [Cataluña] Spain,Energy Efficiency / Climate Change,https://ec.europa.eu/eipp/desktop/en/projects/project-12292.html,10% financed
SMARTBIOMETRIK,"Identification and identity-verification systems using facial recognition biometrics. Digital security for companies’ daily operations, using high-tech solutions.",Spain [Comunidad de Madrid] Spain [Andalucía] Spain [Comunidad Valenciana],"Other Digital, including Content and Services / Industry for SMEs & Mid-Caps",https://ec.europa.eu/eipp/desktop/en/projects/project-12290.html,20% financed
Bio-decontamination for everyone everywhere,"Delox developed a new automatic bio-decontamination device that will transform the current bio-decontamination niche markets into mass markets in Health, Pharma, Biodefense and Space sectors.",Portugal [Lisboa] United Kingdom [Merseyside],Health / Industry for SMEs & Mid-Caps,https://ec.europa.eu/eipp/desktop/en/projects/project-12289.html,20% financed
Muylocal,The very local fresh food marketplace,Spain [Andalucía],"Other Digital, including Content and Services / Industry for SMEs & Mid-Caps",https://ec.europa.eu/eipp/desktop/en/projects/project-12288.html,3% financed
AGORA,"The fundamental objective of this project is to create AGORA, a unique, dynamic, multi-lingual, sophisticated, cross-country social media monitoring and analysis platform for corporate decision-making",Greece [Aττική (Attiki)] Spain [Comunidad de Madrid] United Kingdom [Inner London],"Other Digital, including Content and Services / Industry for SMEs & Mid-Caps",https://ec.europa.eu/eipp/desktop/en/projects/project-12234.html,30% financed
USITOO4CITIES,USITOO4CITIES aims at a SaaS platform for cities to be able to boost mutualisation of objects with a low usage rate on their territory through an innovative circular e-rental model.,Belgium [Région de Bruxelles-Capitale/Brussels Hoofdstedelijk Gewest],"Climate Change / Resource Efficiency and Environmental Protection, including Blue Economy",https://ec.europa.eu/eipp/desktop/en/projects/project-12216.html,0% financed
REPViT,We are developing a simple to use rapid (<30 mins) detection kit for SARS-CoV-2 (and other viruses) that can be used wherever and whenever you need,Spain [País Vasco],Health / Industry for SMEs & Mid-Caps,https://ec.europa.eu/eipp/desktop/en/projects/project-12214.html,35% financed
Hoplr - Social network for local communities,Hoplr boosts citizen engagement and participation by combining the power of a social network with tools for local governments. Social innovation and impact through local community building.,Belgium [Prov. Oost-Vlaanderen] Netherlands [Zuid-Holland],"Social Infrastructure, Social and Solidarity Economy / Industry for SMEs & Mid-Caps",https://ec.europa.eu/eipp/desktop/en/projects/project-12213.html,30% financed
IDBioWave,Millimeter Wave Contactless Biometric Identification System for Payment ID and HealthCare,France [Provence-Alpes-Côte dAzur] Germany,"Research, Development & Innovation / Industry for SMEs & Mid-Caps",https://ec.europa.eu/eipp/desktop/en/projects/project-12210.html,30% financed
Fluidic Air Lubrication,"We enable the shipowner’s transition to Green Shipping. Our advanced Fluidic Air Lubrication technology reduces fuel consumption, emissions, and fouling, enabling Shipowners to reduce operating costs.",Netherlands [Zuid-Holland] Denmark [Hovedstaden],"Resource Efficiency and Environmental Protection, including Blue Economy / New Technologies and Transport Greening",https://ec.europa.eu/eipp/desktop/en/projects/project-12207.html,10% financed
Power Cloud Platform,"At Cyscale, we create next-gen tools to simplify cloud adoption without compromising on security. Technically, we collect cloud metadata and transform it into Knowledge using graph database technology",Romania [Nord-Vest] Germany [BAYERN] Poland [Mazowieckie],"Research, Development & Innovation / Industry for SMEs & Mid-Caps",https://ec.europa.eu/eipp/desktop/en/projects/project-12195.html,30% financed
Sustainable dry stack construction technology,"3E is the only dry stack building technology that meets sustainability goals: affordable, green, and safe. Produced from organic materials, without oil-based products and a minimal water footprint.",Poland [Mazowieckie] Sweden Germany,Industry for SMEs & Mid-Caps / Energy Efficiency,https://ec.europa.eu/eipp/desktop/en/projects/project-12194.html,1% financed
Battery Thermal Management System,"The BTMS is patented new type of battery heat exchanger that allows to EVs significantly (9x) accelerate charging, increase capacity of battery packs (+47%) and works as a fire safety protection.",Czech Republic [Zlínský kraj],New Technologies and Transport Greening / Vehicles and Transport Systems,https://ec.europa.eu/eipp/desktop/en/projects/project-12192.html,6% financed
PseudoPatient,"RTsafe’s PseudoPatient is the first FDA-cleared, patient-specific, anatomically-exact model of human head and brain, offered to Radiotherapy clinics for simulating radiation therapy for each patient.",Greece [Aττική (Attiki)] Ireland [Dublin],Health / Industry for SMEs & Mid-Caps,https://ec.europa.eu/eipp/desktop/en/projects/project-12186.html,0% financed
Paywoke,"Paywoke is an all-in-one Saas solution for B2B customers, who strive to use digital services including KYC, AML, Credit history and scoring in a seamless manner",Luxembourg [Luxembourg],"Other Digital, including Content and Services / Industry for SMEs & Mid-Caps",https://ec.europa.eu/eipp/desktop/en/projects/project-12184.html,5% financed
WOOM,"WOOM is a data driven FemTech company (female technologies), helping women to take the right decision about their reproductive health using algorithms.",Spain [Comunidad de Madrid] Bulgaria [София (Sofia)],"Health / Other Digital, including Content and Services",https://ec.europa.eu/eipp/desktop/en/projects/project-12168.html,66% financed
Universal Health Chain,"UHC solves the lack of interoperability and allows users to: securely store, share, and synchronise health data from healthcare services. Particularly relevant for the Covid-19 pandemic.",Spain [Comunidad de Madrid] France [Île de France] Estonia,"Health / Research, Development & Innovation",https://ec.europa.eu/eipp/desktop/en/projects/project-12149.html,30% financed
SuperVision Space,SuperVision Space is a cloud-based application for early detection of risks to underground gas pipelines and similar infrastructure.,Germany [HESSEN],"Electricity Infrastructure incl. transmission, distribution, storage and smart grids / Other Digital, including Content and Services",https://ec.europa.eu/eipp/desktop/en/projects/project-12174.html,5% financed
ALLIANCE-AF,ALLIANCE-AF: Left Atrial Appendage Occlusion & Electrical System for the treatment of Atrial Fibrillation.,Ireland [West],Health / Industry for SMEs & Mid-Caps,https://ec.europa.eu/eipp/desktop/en/projects/project-12170.html,45% financed
The atlas of cancer progression,"Ourotech Limited (trading as Pear Bio) is recreating, visualizing and computing the human tumor microenvironment and its effects on cancer progression/drug resistance.",United Kingdom [Inner London],Health / Industry for SMEs & Mid-Caps,https://ec.europa.eu/eipp/desktop/en/projects/project-12160.html,20% financed
Praman Technology Spa (Trade Name- Sensegrass ),Soil Intelligence system for fertilizer management and detect crop diseases to improve soil efficiency and crop yield by patented IoT+AI Algorithm for Soil Precision to tackle climate change on agri.,France [Île de France] Spain [Región de Murcia],"Agriculture and rural development, forestry and bio-economy / Climate Change",https://ec.europa.eu/eipp/desktop/en/projects/project-12159.html,30% financed
ViewSmartly: Virtual Property Viewings,ViewSmartly enables business continuity for estate agents in the times of COVID-19. This tool takes the pain out of sharing and managing video tours in lieu of in-person property viewings.,United Kingdom [Inner London] United Kingdom [Outer London],"Other Digital, including Content and Services / Industry for SMEs & Mid-Caps",https://ec.europa.eu/eipp/desktop/en/projects/project-12153.html,50% financed
eCustoms,"eCustoms: simplify, synchronise, secure, digitalise, and accelerate logistics processes – including customs – using Blockchain technology.",Spain [Comunidad de Madrid] Portugal [Lisboa] Netherlands [Zuid-Holland],"Multimodal Nodes (ports, airports, stations, logistic platforms) / Industry for SMEs & Mid-Caps",https://ec.europa.eu/eipp/desktop/en/projects/project-12152.html,15% financed
WeFish,"Sport fishing app allowing you to contact other fishermen, share experiences, keep a record of your activities and plan your trips.",Spain [Región de Murcia],"Other Digital, including Content and Services / Tourism",https://ec.europa.eu/eipp/desktop/en/projects/project-12139.html,6% financed
Optimise Remote Cross Border Interactions,"This project will OPTIMISE business and public cross border INTERACTIONS to DELIVER long term OUTCOMES across the EU and it global PARTNERS, in areas of INNOVATION and DELIVERY.",Spain [Cataluña] Belgium [Prov. Luxembourg (BE)] Italy [Veneto],"Research, Development & Innovation / Human Capital, Education & Training",https://ec.europa.eu/eipp/desktop/en/projects/project-12126.html,0% financed
T-Bot,Autonomous Apparel production Robots,Italy [Veneto],"Industry for SMEs & Mid-Caps / Research, Development & Innovation",https://ec.europa.eu/eipp/desktop/en/projects/project-12121.html,35% financed
Sustainable Urban Mobility,"Smove.City provides cities and municipalities their own shared e-bike solution. We provide a mobile app, a fleet management platform for the city which gives full access to real time data.",Belgium [Prov. Oost-Vlaanderen] Czech Republic [Hlavní město Praha] Portugal [Centro (PT)],Urban Mobility Projects / Industry for SMEs & Mid-Caps,https://ec.europa.eu/eipp/desktop/en/projects/project-12112.html,0% financed
The first self-cleaning filter mask,"AIR/R HEALTH DEVICES is developing a protective mask with a unique high-performance HEPA filter, which connects in real-time: the ‘AIR/R P4’.",France [Île de France],"Health / Research, Development & Innovation",https://ec.europa.eu/eipp/desktop/en/projects/project-12104.html,5% financed
CYREM BIOCITY-Biomass treatment plant in Cyprus,"The project involves the development of CYREM BIOCITY, a biomass treatment plant in Cyprus producing liquid and solid 2nd generation biofuels, by M.E.K.P. Energy Ltd.",Cyprus [Κύπρος (Kýpros)],Renewable Energy Production / Industry for SMEs & Mid-Caps,https://ec.europa.eu/eipp/desktop/en/projects/project-12090.html,20% financed
Kibus,Kibus is the first home appliance that cooks dehydrated healthy pet food for cats and dogs automatically.,Spain [Cataluña],Health / Industry for SMEs & Mid-Caps,https://ec.europa.eu/eipp/desktop/en/projects/project-11541.html,40% financed
LIQUAM,LIQUAM® is a patented equipment based on High Power Ultrasouns technology that will become the new gold standard for honey processing replacing the non-respectful pasteurization,Spain [Cataluña] Spain,"Research, Development & Innovation / Agriculture and rural development, forestry and bio-economy",https://ec.europa.eu/eipp/desktop/en/projects/project-11626.html,70% financed
Online Architect Consultations,Monetising the client acquisition & on-boarding of homeowner clients for Architects & Home Designers. By connecting homeowner to Architects & Home Designers through online consultations.,Ireland [Dublin],"Other Digital, including Content and Services / Cultural & Creative Industries",https://ec.europa.eu/eipp/desktop/en/projects/project-12167.html,0% financed
Turn-the-Tide,Rapid development of novel antiviral treatments to reduce the impact of the current coronavirus pandemic,Netherlands [Zuid-Holland],"Research, Development & Innovation / Industry for SMEs & Mid-Caps",https://ec.europa.eu/eipp/desktop/en/projects/project-12165.html,10% financed
evernoa,"Circular approach to respiratory disease patients, e.g. asthma and COVID, allowing diagnosis and management in a simple, safe and cost-effective way combining Breathomics and Artificial Intelligence.",Spain [Comunidad Foral de Navarra],Health / Industry for SMEs & Mid-Caps,https://ec.europa.eu/eipp/desktop/en/projects/project-12164.html,15% financed
PIELERS Cloud: Barn2Door open food platform,"PIELERS is a cloud-based farm2fork open food platform with multiple API, where small to medium-sized farmers and food producers sell food Barn2Door B2C and B2B.",Germany [BERLIN],"Other Digital, including Content and Services / Agriculture and rural development, forestry and bio-economy",https://ec.europa.eu/eipp/desktop/en/projects/project-12163.html,10% financed
AWARE,Advanced face recognition and crowd behavior analysis for next generation video surveillance,Spain [Cataluña],"Research, Development & Innovation / Other Digital, including Content and Services",https://ec.europa.eu/eipp/desktop/en/projects/project-12161.html,40% financed
MOOTIV HEALTH PERSONAL TRAINER,"Mootiv is an intelligent, automatic, personal training system for the improvement of health, focusing on chronic and acute health conditions. With fully integrated user App and Doctor’s platform.",Spain [Comunidad Foral de Navarra],"Health / Other Digital, including Content and Services",https://ec.europa.eu/eipp/desktop/en/projects/project-12157.html,40% financed
Influencity,Influencity is the most completed AI-powered influencer marketing platform on the market for worldwide brands.,Spain [Comunidad de Madrid],"Other Digital, including Content and Services / Industry for SMEs & Mid-Caps",https://ec.europa.eu/eipp/desktop/en/projects/project-12155.html,25% financed
biztribution,biztribution is a blockchain-based fully decentralised distribution model for the air travel industry. We reinvent air distribution by avoiding overheads and intermediary costs,Spain [Aragón],Trans European Network – Transport / New Technologies and Transport Greening,https://ec.europa.eu/eipp/desktop/en/projects/project-12151.html,24% financed
MOWOOT - solution to chronic constipation,"MOWOOT is a growth stage medical device company targeting intestinal transit disorders with a novel, purely physical, non-drug & non-invasive solution.",Spain [Cataluña],"Health / Research, Development & Innovation",https://ec.europa.eu/eipp/desktop/en/projects/project-12150.html,0% financed
Smart Consent,Tool for the management of the medical informed consent (MIC) that communicate medical-patient information through multilingual video-animations made by healthcare professionals.,Spain [País Vasco],"Health / Other Digital, including Content and Services",https://ec.europa.eu/eipp/desktop/en/projects/project-12147.html,20% financed
Endoscopic Outpatient Cancer Treatment platform,We are developing an outpatient cancer treatment solution which utilises ultra-high frequency electrical pulses to target the tumour while preserving healthy tissue.,Ireland [South-West (IE)],Health / Industry for SMEs & Mid-Caps,https://ec.europa.eu/eipp/desktop/en/projects/project-12146.html,25% financed
Enigma Digital - 2020 Acceleration Plan,"Enigma is a market leader in recovering lost or deleted data from iPhones. We’re raising €1.5m to accelerate European growth through product innovation, multi-language, and distribution partnerships.",United Kingdom [Inner London] United Kingdom [Outer London],"Other Digital, including Content and Services / Industry for SMEs & Mid-Caps",https://ec.europa.eu/eipp/desktop/en/projects/project-12145.html,33% financed
Regemat 3D,"Regemat 3D: The best partner for your research.
Our main activity is focused on these 3 business lines:
BioPrinting, Bioreactors, Tissue Engineering and Lab equipment.",Spain [Andalucía],"Health / Research, Development & Innovation",https://ec.europa.eu/eipp/desktop/en/projects/project-12144.html,10% financed
GREEN KILLER WEEDS,"An alternative to herbicides and pesticides, without toxins, without water, without plastics...",Spain [Comunidad Foral de Navarra],"Agriculture and rural development, forestry and bio-economy / Health",https://ec.europa.eu/eipp/desktop/en/projects/project-12143.html,55% financed
GeroPRM - Geriatric Patient Remote Monitoring,"Up to 57% of the deaths in Europe in the coronavirus crisis have been our elderly people in one of the 50,000 nursing homes, due to the lack of health resources in hospitals.",Spain [Castilla y León],"Health / Social Infrastructure, Social and Solidarity Economy",https://ec.europa.eu/eipp/desktop/en/projects/project-12141.html,0% financed
Tight Alright – Connected-health for wounds,"FeelTect delivers Tight Alright – the first device to use wearable, connected-health technology, combined with a digital platform, for monitoring compression therapy during venous leg ulcer treatment.",Ireland [West],"Health / Research, Development & Innovation",https://ec.europa.eu/eipp/desktop/en/projects/project-12140.html,20% financed
The Life-Saving Blockchain,"BlockTac commercializes anti-fraud solutions based on Blockchain, implemented in Fast-Moving Consumer Goods (Pharma, Food & Bev.), idCards, professional accreditations, artworks and medical records.",Spain [Cataluña] Italy [Puglia] France [Bourgogne-Franche-Comté],"Other Digital, including Content and Services / Health",https://ec.europa.eu/eipp/desktop/en/projects/project-12138.html,22% financed
Bioo Sensor,A biological reactor that will replace the use of environmentally dangerous and expensive chemical batteries in precision agriculture.,Spain [Cataluña],Renewable Energy Production / Industry for SMEs & Mid-Caps,https://ec.europa.eu/eipp/desktop/en/projects/project-12136.html,65% financed
SMOWL,"Smowltech aims to help institutions maintain the quality of online assessments using an artificial intelligence proctoring, a flexible solution that adapts to the pedagogical methodology",Spain [País Vasco],"Human Capital, Education & Training / Industry for SMEs & Mid-Caps",https://ec.europa.eu/eipp/desktop/en/projects/project-12135.html,0% financed
AMMIOT - Accelerating Massive Mobile IoT,M2MC’s “Accelerating Massive Mobile IoT” (AMMIOT) innovation aims to provide an end-to-end solution for businesses developing IoT products and solutions accessing the new 5G mobile IoT markets.,Czech Republic [Hlavní město Praha] Germany Italy,"Research, Development & Innovation / Industry for SMEs & Mid-Caps",https://ec.europa.eu/eipp/desktop/en/projects/project-12134.html,10% financed
Ad Bidding Engine for Retail Media Network,Intouch is building an advertising bidding engine to facilitate a new advertising revenue stream through our in-store media retail network.,Ireland [Dublin] Germany France,"Other Digital, including Content and Services / ICT Infrastructures, including Broadband",https://ec.europa.eu/eipp/desktop/en/projects/project-12132.html,20% financed
FLYTOSAN,Bioconversion of Black Soldier FLY inTO high-quality chitoSAN,Spain [Región de Murcia] Germany Belgium,"Resource Efficiency and Environmental Protection, including Blue Economy / Industry for SMEs & Mid-Caps",https://ec.europa.eu/eipp/desktop/en/projects/project-12130.html,20% financed
Scale up & market entry of mfloDx® test kits,Market penetration and scale-up of production to achieve global supply and sales of mfloDx® test kits for the detection of tuberculosis and its antibiotic drug resistance profiles.,Sweden [Stockholms län],"Research, Development & Innovation / Industry for SMEs & Mid-Caps",https://ec.europa.eu/eipp/desktop/en/projects/project-12128.html,1% financed
Drive-Through COVID-19 Community Testing,"LEAD Innovation management has organized in central Europe a consortium of industrial companies and specialists, which can build 80 Drive In Test Stations within 10 days.",Austria [Wien],"Health / Research, Development & Innovation",https://ec.europa.eu/eipp/desktop/en/projects/project-12123.html,30% financed
Superinfection Therapy (SIT),"Clinically validated revolutionary viral Superinfection Therapy platform technology effective against hepatitis B and C viruses (HBV and HCV), which may mitigate severe cases of COVID-19 infections.",Hungary [Budapest] Germany [BERLIN] Belgium [Prov. Vlaams-Brabant],Health / Industry for SMEs & Mid-Caps,https://ec.europa.eu/eipp/desktop/en/projects/project-12120.html,10% financed
Vision Enhancement System (VES),INOPTEC’s transhuman Vision Enhancement System (VES) enables perfect vision – day or night – under otherwise impossible viewing conditions.,Germany [BAYERN] United Kingdom [West Midlands] Ireland [Dublin],"Research, Development & Innovation / Industry for SMEs & Mid-Caps",https://ec.europa.eu/eipp/desktop/en/projects/project-12118.html,30% financed
SMART Access Controlled Secure Bike Lockers,"Cyc-Lok is a SMART access controlled secure bike locker system that has individual lockers as part of 1 unit, bookable and payable via an app 24/7 for short term, on-demand bike parking and charging.",Ireland [Dublin] United Kingdom [Inner London],Urban Mobility Projects / New Technologies and Transport Greening,https://ec.europa.eu/eipp/desktop/en/projects/project-12116.html,25% financed
Full prototype of our driveable hybrid-eVTOL,"Personal (urban) transport will undergo substantial transformation within the next decade. Therefore, we have developed Origin – a drivable, vertical take-off and landing hybrid-electric aircraft.",Germany [BAYERN],Vehicles and Transport Systems / Industry for SMEs & Mid-Caps,https://ec.europa.eu/eipp/desktop/en/projects/project-12113.html,2% financed
Four-star camp on the island of Pag,Planned construction of a waterfront campsite in a tourism zone on the island of Pag.,Croatia [Ličko-senjska županija],Tourism / Industry for SMEs & Mid-Caps,https://ec.europa.eu/eipp/desktop/en/projects/project-12111.html,0% financed
ERI-Interurban passenger transport by railway,"The rail passenger transport sector is of particular importance for the functioning of the economy, with a significant impact on consumers and represent an opportunity to approach Romanian market.",Romania [Centru] Austria [Wien] Hungary [Budapest],Trans European Network – Transport / Urban Mobility Projects,https://ec.europa.eu/eipp/desktop/en/projects/project-12072.html,10% financed
BioPhosphate recovery in economical scale,"BioPhosphate is economical valorisation and advanced conversion of unexploited biomass into wide range of high added value bio-products, that is converting bio-trash into rapid-cash with 3R process.",Hungary [Fejér] Germany [SACHSEN] France [Bretagne],"Agriculture and rural development, forestry and bio-economy / Resource Efficiency and Environmental Protection, including Blue Economy",https://ec.europa.eu/eipp/desktop/en/projects/project-12115.html,30% financed
TOURIVIO,"Tourivio is a living resource that enables deep understanding of tourist destinations through technology, data and visitor insights (ratings & reviews) using a 2-sided platform ecosystem.",Spain [Illes Balears] Germany [BADEN-WÜRTTEMBERG] Netherlands [Limburg (NL)],Tourism / Industry for SMEs & Mid-Caps,https://ec.europa.eu/eipp/desktop/en/projects/project-12106.html,5% financed
RESET,Industrial scale-up to GMP production of a new generation of highly-performing collagenases enzymes for advanced Cell Therapy applications.,Italy [Sicilia],"Health / Research, Development & Innovation",https://ec.europa.eu/eipp/desktop/en/projects/project-12105.html,0% financed
Party Play - digital jukebox,Party Play is a music streaming platform. We provide digital jukebox service for hospitality sector that returns the ability to monetize music for bars.,Spain [Cataluña],"Research, Development & Innovation / Industry for SMEs & Mid-Caps",https://ec.europa.eu/eipp/desktop/en/projects/project-12103.html,26% financed
The FISCHY drone,"The Fischy drones are submarine drones, working night and day, vacuuming the plastic waste from the oceans (inside the World Plastic Vortices).",France [Provence-Alpes-Côte dAzur],"Natural Resources / Resource Efficiency and Environmental Protection, including Blue Economy",https://ec.europa.eu/eipp/desktop/en/projects/project-12101.html,0% financed
GIRONÉS - RAÏMATS,Gironés-Raïmats is a big capacity energy storage project included in the 4th List of Project of Common Interest (2.28.3) and ENTSOE code 1019. It uses the pumped hydro energy storage technology (PHES).,Spain [Cataluña] France [Occitanie],"Electricity Infrastructure incl. transmission, distribution, storage and smart grids / Renewable Energy Production",https://ec.europa.eu/eipp/desktop/en/projects/project-12100.html,0% financed
Unbiased,"Unbiased is an award-winning Swedish tech startup, building solutions to fight biased AI, fake news & misinformation. Innovations include Unbiased Data Marketplace, Search Engine, and Social Gateway.",Sweden [Västra Götalands län],"Other Digital, including Content and Services / Industry for SMEs & Mid-Caps",https://ec.europa.eu/eipp/desktop/en/projects/project-12099.html,0% financed
Parco Ottocento,"The Parco Ottocento is a green space of historical and cultural interest close to the centre of Verona, with a barbecue area, a food and drink area and a tensile-structure canopy with covered tables and a stage to act as a venue for entertainment.",Italy [Veneto],"Tourism / Social Infrastructure, Social and Solidarity Economy",https://ec.europa.eu/eipp/desktop/en/projects/project-12096.html,30% financed
Convention & Exhibition Centre in Cyprus,"The project will be a state-of-the art multi-purpose centre in Cyprus, designed to be environmentally sustainable, highly aesthetic and functional, for the hosting of a wide spectrum of events.",Cyprus [Κύπρος (Kýpros)],Industry for SMEs & Mid-Caps / Cultural & Creative Industries,https://ec.europa.eu/eipp/desktop/en/projects/project-12091.html,15% financed
FinTech Chat app,"FinTech Chat application where people will not only talk to each other but it will also be eWallet - sending instant cash, making payments, paying toll taxes, insurance, marketplace etc.",Bulgaria [Варна (Varna)],"Other Digital, including Content and Services / Industry for SMEs & Mid-Caps",https://ec.europa.eu/eipp/desktop/en/projects/project-12006.html,5% financed
Next-generation fuel cell based generators,"PowerUp solves the problem of providing clean energy with portability by delivering a fuel cell generator solution. Our customers include the maritime, automotive and military industries.",Estonia [Põhja-Eesti] Poland France,Renewable Energy Production / New Technologies and Transport Greening,https://ec.europa.eu/eipp/desktop/en/projects/project-9688.html,20% financed
Linked trucking in the EU,"The way that the road transportation industry in the EU is running is outdated and deeply compartmentalized. We will bring much-needed collectiveness, improved efficiency and technology.",Bulgaria [Благоевград (Blagoevgrad)] Germany [BAYERN],"Trans European Network – Transport / Resource Efficiency and Environmental Protection, including Blue Economy",https://ec.europa.eu/eipp/desktop/en/projects/project-12084.html,2% financed
ADB LNG TRUCK,"Penetration of the existing truck sales market with a locally assembled, customized truck based on DAF TRUCKS , under its own brand name ADB to meet the demand for commercial vehicles running on LNG fuel. In parallel setup of dealer development and after sales service plan.",Spain [Comunidad Valenciana] Netherlands [Friesland (NL)] Poland [Extra-Regio NUTS 2],Vehicles and Transport Systems / Industry for SMEs & Mid-Caps,https://ec.europa.eu/eipp/desktop/en/projects/project-12081.html,80% financed
IceSemulator,"A Electric Vehicle (EV) accident prevention module

EVs manufacturers are too focused on battery issues and still fail to see the safety problems created out of the quiet vehicles.",Bulgaria [София (столица) (Sofia (stolitsa))],New Technologies and Transport Greening / Industry for SMEs & Mid-Caps,https://ec.europa.eu/eipp/desktop/en/projects/project-12078.html,15% financed
Hydroponic (soilless) cultivation of vegetables,Hydroponic cultivation of vegetables.,Italy [Lazio],"Agriculture and rural development, forestry and bio-economy / Industry for SMEs & Mid-Caps",https://ec.europa.eu/eipp/desktop/en/projects/project-12074.html,1% financed
HEADLINE,Headline is a startup to promote independent journalism. We are building the first digital platform that brings together several innovative and independent journalism initiatives.,France [Île de France],"Cultural & Creative Industries / Research, Development & Innovation",https://ec.europa.eu/eipp/desktop/en/projects/project-12071.html,10% financed
Building Connectivity in the Canary Islands,To construct an air transport and tourism service distribution network using an innovative and novel approach to enrich the Canary Islands as a destination.,Spain [Canarias],Tourism / Trans European Network – Transport,https://ec.europa.eu/eipp/desktop/en/projects/project-12070.html,15% financed
Project development in tourism and infrastructure,dopLAND is involved in project development in tourism and infrastructure and thereby creates fresh impetus for the economy and tourism.,Italy [Veneto],Tourism / Climate Change,https://ec.europa.eu/eipp/desktop/en/projects/project-12057.html,10% financed
Biomass / Biogas Power Plants,"We offer research, design and construction of biomass / biogas power plants from 100kW to unlimited Megawatt-scale size and compact Vertical Multifloor Aeroponic Farms for fast-growing Biomass Plants",Bulgaria [София (Sofia)],"Renewable Energy Production / Agriculture and rural development, forestry and bio-economy",https://ec.europa.eu/eipp/desktop/en/projects/project-12041.html,10% financed
IZIBAC,"iziBAC is a freemium game-based educational mobile app with strong built-in gamification methods based on the Octalysis framework, and with an internal marketplace for engaging video content.",Romania [Bucureşti - Ilfov] Spain [Cataluña] Italy [Toscana],"Human Capital, Education & Training / Cultural & Creative Industries",https://ec.europa.eu/eipp/desktop/en/projects/project-12037.html,3% financed
wenewa,"When the internet stops working, everyday life and the economy grind to a halt. wenewa provides self-help and remote help through an app and leverages this for a technical support marketplace.",Germany [BAYERN],"ICT Infrastructures, including Broadband / Industry for SMEs & Mid-Caps",https://ec.europa.eu/eipp/desktop/en/projects/project-12034.html,20% financed
Credo,"Credo is the world’s first truly passwordless authentication system. No passwords, no usernames, nothing to forget, and completely secure.",Romania [Sud-Est],"Research, Development & Innovation / Industry for SMEs & Mid-Caps",https://ec.europa.eu/eipp/desktop/en/projects/project-12031.html,0% financed
Powering,"A social business project, which promotes a shared renewable energy, helps to establish energy communities and build community owned renewable power plant for a community usage.",Lithuania [Vilniaus apskritis] Lithuania [Tauragės apskritis] Lithuania [Klaipėdos apskritis],Renewable Energy Production / Climate Change,https://ec.europa.eu/eipp/desktop/en/projects/project-12025.html,0% financed
Arkadia Lending - Seed Round,"Arkadia is an investing platform crowdfunding SME loans in developing markets, measuring the impact on local prosperity, people and the planet alongside risk and return for a more holistic investment",United Kingdom [Inner London] United Kingdom [Greater Manchester],"Other Digital, including Content and Services / Research, Development & Innovation",https://ec.europa.eu/eipp/desktop/en/projects/project-11703.html,30% financed
sustainable disposal system of organic waste,"In closed system dispose wastes,generate green energy from organic wastes while recover raw materials like Phosporus, and work below the limit emission values and the result is CO2 quota savings.",Hungary [Zala] Austria [Steiermark] Croatia [Primorsko-goranska županija],"Industry for SMEs & Mid-Caps / Resource Efficiency and Environmental Protection, including Blue Economy",https://ec.europa.eu/eipp/desktop/en/projects/project-11264.html,30% financed
Sentinel,"Sentinel is a wearable, vital signs monitor used in hospitals and in patient homes 24x7. Selected by 5 University Hospitals, winning a Phase 1&2 EU PCP and awarded the E.U. Seal Of Excellence.",United Kingdom [Inner London],"Health / Research, Development & Innovation",https://ec.europa.eu/eipp/desktop/en/projects/project-10589.html,25% financed
FINANTIARE,"FINANTIARE was born as a transversal solution to facilitate resources for SMEs and finance their purchase orders, from all the financing funds accessible in the financial and banking markets.",Spain [Andalucía],"Industry for SMEs & Mid-Caps / Research, Development & Innovation",https://ec.europa.eu/eipp/desktop/en/projects/project-12062.html,60% financed
Ecopensions,"Incentive scheme involving daily payments to consumers who recycle, which can be cumulated as old-age pension.
‘Gamification’ and constant interaction as part of the circular economy via the app.",Spain [Aragón],"Resource Efficiency and Environmental Protection, including Blue Economy / Other Digital, including Content and Services",https://ec.europa.eu/eipp/desktop/en/projects/project-12055.html,15% financed
Maltaloe Machine,"Unique, innovative vending machines for supplying water and natural drinks. You can customise the recipes, and select the drinks’ flavour, sweetness, temperature and whether they are sparkling or still — always PLASTIC FREE!",Italy [Lombardia] Malta [Malta] Spain [Canarias],"Resource Efficiency and Environmental Protection, including Blue Economy / Industry for SMEs & Mid-Caps",https://ec.europa.eu/eipp/desktop/en/projects/project-12051.html,15% financed
MIRADAR-AGRO,The goal of the project is to create a high-tech cost-effective dairy farm in Cyprus which will satisfy mainly but not exclusively the needs of an existing milk processing company in raw milk.,Cyprus [Κύπρος (Kýpros)],"Agriculture and rural development, forestry and bio-economy / Industry for SMEs & Mid-Caps",https://ec.europa.eu/eipp/desktop/en/projects/project-12039.html,5% financed
Data Ownership Platform,"EcoSteer patented Data Ownership Platform (US 10,771,243) decentralizes data access control, giving it back to data owners, thanks to multicast end-to-end encryption and blockchain smart contracts.",Italy [Provincia Autonoma di Bolzano/Bozen],"Research, Development & Innovation / Industry for SMEs & Mid-Caps",https://ec.europa.eu/eipp/desktop/en/projects/project-11896.html,33% financed
Cyprus Jetlines Ltd,"Cyprus Jetlines Ltd, a newly established company in Cyprus will operate as a full-service carrier and will use Larnaca airport as its hub. The airline will be fully operational by the summer of 2020.",Cyprus [Κύπρος (Kýpros)],Vehicles and Transport Systems / Tourism,https://ec.europa.eu/eipp/desktop/en/projects/project-12046.html,10% financed
MLS Artifical Intelligence Center (MAIC),"This project will further develop MLS’MAIC and deploy it to all MLS and other devices in the market via resellers and direct sales, creating new marketing channels and logistics for 11 target markets.",Greece [Στερεά Ελλάδα (Sterea Ellada)],"Other Digital, including Content and Services / Industry for SMEs & Mid-Caps",https://ec.europa.eu/eipp/desktop/en/projects/project-12036.html,46% financed
VTransFair,As an Inbound Corporate Banking VTransFair aims to make a shift in the Financial Industry by offering a blockchain powered fiat currency payment solution for B2B designed using FX Rates.,United Kingdom [Inner London] Germany [BERLIN] Portugal [Lisboa],"Industry for SMEs & Mid-Caps / Other Digital, including Content and Services",https://ec.europa.eu/eipp/desktop/en/projects/project-12029.html,9% financed
Smart Hybrid Transformer Prototype,The purpose of this project is to deliver a benchtop prototype and full-size manufacture ready versions of an innovative new smart hybrid transformer for use within the electricity grid.,United Kingdom [Eastern Scotland] United Kingdom [Inner London],"Electricity Infrastructure incl. transmission, distribution, storage and smart grids / Renewable Energy Production",https://ec.europa.eu/eipp/desktop/en/projects/project-12027.html,8% financed
Vimbee,"Vimbee is the world‘s first and only prosumer network offering industry’s first digital product-based architecture, PaaS and SaaS for Industry4.0 & Retail4.0 for the markets B2B, B2C, C2C and C2B.",Germany [NORDRHEIN-WESTFALEN],"Industry for SMEs & Mid-Caps / Research, Development & Innovation",https://ec.europa.eu/eipp/desktop/en/projects/project-12012.html,33% financed
WhiteLab Genomics,WhiteLab Genomics provides a unique tool to gene therapy companies to optimize their pre-clinical development and reduce their risk of failure.,France [Île de France] United Kingdom [Outer London],Health / Industry for SMEs & Mid-Caps,https://ec.europa.eu/eipp/desktop/en/projects/project-11997.html,20% financed
International recruiting platform,We have created an online recruiting platform for candidates looking for jobs abroad,France [Île de France] Spain Germany,"Human Capital, Education & Training / Industry for SMEs & Mid-Caps",https://ec.europa.eu/eipp/desktop/en/projects/project-11950.html,0% financed
GENIUS(GreenEuropeanNetworkforIntermodalUserS),"Innovative, integrated, Sustainable, trans-European combined transport network",Germany [RHEINLAND-PFALZ] France [Occitanie] Italy [Lombardia],Trans European Network – Transport / New Technologies and Transport Greening,https://ec.europa.eu/eipp/desktop/en/projects/project-10026.html,0% financed
BBB EcoFarm Glamping Village Vransko (BBB GV),"BBB GV is a stand-alone eco-resort with the proper level of accommodation in wild nature. Restaurant, activities, sports, common areas, wellness, pool. Events, masterclasses, teambuilding.",Slovenia [Gorenjska],Tourism / Industry for SMEs & Mid-Caps,https://ec.europa.eu/eipp/desktop/en/projects/project-12019.html,15% financed
PSS White Line Ltd,The project involves the purchase and renovation of 4 existing dairy farms (incl. 1 organic) and the creation of a one-of-a-kind state-of-the-art cow ‘mega’ farm for the production of milk in Cyprus.,Cyprus [Κύπρος (Kýpros)],"Agriculture and rural development, forestry and bio-economy / Industry for SMEs & Mid-Caps",https://ec.europa.eu/eipp/desktop/en/projects/project-12016.html,20% financed
Innovative desalination in Cyprus,"Development, Design, Construction, Operation and Maintenance of Desalination Plants utilising Innovative Technology",Cyprus [Κύπρος (Kýpros)],Natural Resources / Industry for SMEs & Mid-Caps,https://ec.europa.eu/eipp/desktop/en/projects/project-12010.html,40% financed
BD Sunoil Ltd - A biodiesel plant in Cyprus,BD Sunoil will build the first and only 2nd generation biodiesel treatment plant in Cyprus to generate biodiesel EN14214 and glycerine from used cooking oil for sale in domestic and foreign markets.,Cyprus [Κύπρος (Kýpros)],Renewable Energy Production / Industry for SMEs & Mid-Caps,https://ec.europa.eu/eipp/desktop/en/projects/project-12007.html,50% financed
H.M.M. No Limits Star Productions,"H.M.M. No Limits Star Productions will build and operate the first and only major studio facility complex in Cyprus, with state-of-the-art facilities to house domestic and international productions.",Cyprus [Κύπρος (Kýpros)],Cultural & Creative Industries / Industry for SMEs & Mid-Caps,https://ec.europa.eu/eipp/desktop/en/projects/project-11998.html,0% financed
AETHER,"AETHER - first B2B logistics platform implemented on the Blockchain, designed to streamline road transport and freight flows, in order to reduce the carbon footprint of this sector.",Romania [Centru] Italy [Friuli-Venezia Giulia] Greece [Aττική (Attiki)],"Other Digital, including Content and Services / Vehicles and Transport Systems",https://ec.europa.eu/eipp/desktop/en/projects/project-11992.html,11% financed
Hybrid Core-Alpha (HCA),"We develop next generation decision technology and provide Explainable Hybrid Intelligence Solutions to public and private sectors in business intelligence, intelligent threat & risk analysis, targeted marketing & sales, and smart safety & security.",Belgium [Prov. Vlaams-Brabant],"Research, Development & Innovation",https://ec.europa.eu/eipp/desktop/en/projects/project-11991.html,5% financed
PublicBI,Goal is to build a Business Intelligence solution based on sets of open data housed in a well-built Public Data Warehouse to empower both citizens and businesses to get information and insights.,Germany [BAYERN],"Other Digital, including Content and Services / Research, Development & Innovation",https://ec.europa.eu/eipp/desktop/en/projects/project-11990.html,0% financed
Combating MI and burn wounds with VANADIS®,CFM Pharma is based at the AstraZeneca BioventureHub (SE) and in the Netherlands (NL).CFM is a world leader in developing unmet medical need pharmaceutical products based on organovanadium chemistry.,Sweden [Västra Götalands län] Netherlands [Utrecht],"Health / Research, Development & Innovation",https://ec.europa.eu/eipp/desktop/en/projects/project-11989.html,1% financed
Digital Twin for proactive building control,"Leaftech’s data services enable building systems to anticipate future energy demands, thus maximizing comfort & efficiency",Germany [BERLIN],"Energy Efficiency / Other Digital, including Content and Services",https://ec.europa.eu/eipp/desktop/en/projects/project-11987.html,10% financed
Kuracanto,"Kuracanto is a knowledge sharing community to facilitate the organic interactions between users, teachers, schools, coworking, stores and services",Spain [Cataluña],"Other Digital, including Content and Services / Industry for SMEs & Mid-Caps",https://ec.europa.eu/eipp/desktop/en/projects/project-11974.html,0% financed
Janasense,Remote monitoring platform to help vulnerable people keep their independence.,France [Centre-Val de Loire] Germany Spain,"Human Capital, Education & Training / Health",https://ec.europa.eu/eipp/desktop/en/projects/project-11944.html,25% financed
OffersAroundME,"Online research in the physical shops (at the walking or driving distance. And even unlimited)
""Online research – Buying in the physical retailer""","Greece [Aνατολική Μακεδονία, Θράκη (Anatoliki Makedonia, Thraki)]","Other Digital, including Content and Services / Research, Development & Innovation",https://ec.europa.eu/eipp/desktop/en/projects/project-11914.html,10% financed
Micro-robotic cancer therapy,Therapy for destroying tissue by embolisation at the level of blood capillaries.,Ireland [Midland],"Research, Development & Innovation / Health",https://ec.europa.eu/eipp/desktop/en/projects/project-11967.html,8% financed
Decentralised clean-tech CO2 extraction,"Proprietary hardware for CO2 extraction of botanical ingredients from plants (fragrance, flavour, bioactive like CBD from hemp).",United Kingdom [Inner London] United Kingdom,"Agriculture and rural development, forestry and bio-economy / Climate Change",https://ec.europa.eu/eipp/desktop/en/projects/project-11965.html,0% financed
Portunus - Never lose your Private Key again,Protect and Recover your private keys without disclosing them to anyone.,Ireland [South-West (IE)],"Research, Development & Innovation / Industry for SMEs & Mid-Caps",https://ec.europa.eu/eipp/desktop/en/projects/project-11963.html,0% financed
RegWeGo - is Booking.com for shared vehicles,"One app (Radar + registration)
450+ Mobility operators
Fast, simple and easy registration in only a few clicks!",Germany [BERLIN] Austria [Wien] France [Île de France],Urban Mobility Projects / Tourism,https://ec.europa.eu/eipp/desktop/en/projects/project-11962.html,28% financed
Sensory design agency,"For 30 years, RCP Design Global has focused on creative industrial design, aided by the innovation skills of its subsidiary CERTESENS, a sensory engineering advisory laboratory.",France [Centre-Val de Loire],Cultural & Creative Industries / Industry for SMEs & Mid-Caps,https://ec.europa.eu/eipp/desktop/en/projects/project-11941.html,20% financed
KINNA 1000,"Patented breakthrough technology used to extract kinetic energy from river currents, KINNA 1000 is the first new-generation floating hydroelectric power plant with 1 MW of installed capacity.",France [Hauts-de-France],"Renewable Energy Production / Research, Development & Innovation",https://ec.europa.eu/eipp/desktop/en/projects/project-11924.html,4% financed
Stoichiometric Oxygen-Hydrogen Fuels & Systems,"The Stoichiometric Oxygen-Hydrogen Gas Composition is being produced by a highly-effective, low-power water electrolysis (LPWE) method, consuming about 10 times less electric energy than regular",Bulgaria [София (Sofia)],Renewable Energy Production / Industry for SMEs & Mid-Caps,https://ec.europa.eu/eipp/desktop/en/projects/project-11910.html,10% financed
The global marketplace for recycled plastics,"cirplus is building a ""B2B-Amazon"" for recycled plastics and plastic was, connecting the two fragmented and intransparent markets of recycling and plastic conversion.",Germany [HAMBURG],"Resource Efficiency and Environmental Protection, including Blue Economy / Industry for SMEs & Mid-Caps",https://ec.europa.eu/eipp/desktop/en/projects/project-11986.html,6% financed
triply - automated mobility solutions,web service that identifies mobility needs for rural areas and uses databased simulations to plan & execute solutions.,Austria [Oberösterreich] Austria [Salzburg] Germany [BAYERN],New Technologies and Transport Greening / Vehicles and Transport Systems,https://ec.europa.eu/eipp/desktop/en/projects/project-11979.html,45% financed
Lumoview,"Lumoview provides super-fast building analyses through an easy-to-use system to empower owners and managers to digitize their buildings and to optimize the energy efficiency. To finance another 15 months of product development, sales, and team growth, Lumoview is raising a seed round of EUR 700k with a target closing at the end of 2019.""",Germany [NORDRHEIN-WESTFALEN],"Energy Efficiency / Resource Efficiency and Environmental Protection, including Blue Economy",https://ec.europa.eu/eipp/desktop/en/projects/project-11978.html,30% financed
Rebel Meat GmbH,Rebel Meat develops delicious meat products that only need 50% meat for a 100% meat experience - that way our products are way more healthy and climate-friendly than conventional meat products.,Austria [Wien] Austria [Niederösterreich],"Agriculture and rural development, forestry and bio-economy / Climate Change",https://ec.europa.eu/eipp/desktop/en/projects/project-11977.html,28% financed
Wundies4all,"Stylish, safe and functional underwear for men and women suffering from incontinence. A sustainable solution helping people live a better life.",Germany [NORDRHEIN-WESTFALEN] Sweden [Hallands län],Health / Industry for SMEs & Mid-Caps,https://ec.europa.eu/eipp/desktop/en/projects/project-11968.html,1% financed
Automatic Anti-Counterfeit System,"Our technology automates product management in supply chains, making decisions automatically and avoiding counterfeits through patented CryptoTags.",Spain [Andalucía] Italy [Emilia-Romagna] France [Île de France],"Agriculture and rural development, forestry and bio-economy / Industry for SMEs & Mid-Caps",https://ec.europa.eu/eipp/desktop/en/projects/project-11946.html,5% financed
Dermicus - Teledermatology,"Gnosco offer a platform & services for improvement of healthcare processes, diagnostics and education within dermatology. It all creates faster and more secure diagnosis of skin cancer and wounds.",Sweden [Stockholms län] Sweden [Skåne län] United Kingdom [Hampshire and Isle of Wight],"Health / Other Digital, including Content and Services",https://ec.europa.eu/eipp/desktop/en/projects/project-11958.html,50% financed
Smart Rainfall System,"Smart Rainfall System - SRS provides a better response to hydrogeological emergencies, through real-time rainfall monitoring and flood risk nowcasting.",Italy [Liguria],"Climate Change / Resource Efficiency and Environmental Protection, including Blue Economy",https://ec.europa.eu/eipp/desktop/en/projects/project-11957.html,0% financed
OnDosis01 ADHD,"A 1st in category Dosage Manager integrating medicine with intelligent dosing and health tech services in an intuitive handheld device, commercialised as a drug/device combination. First focus is ADHD",Sweden [Västra Götalands län] Germany United Kingdom,"Health / Research, Development & Innovation",https://ec.europa.eu/eipp/desktop/en/projects/project-11955.html,50% financed
Automotive radar test and verification system,ASGARD1 radar target simulator enables test and verification of automotive radars for different safety (ADAS) and autonomous driving. It also provides training data for AI and deep learning for AD.,Sweden [Västra Götalands län],Vehicles and Transport Systems / New Technologies and Transport Greening,https://ec.europa.eu/eipp/desktop/en/projects/project-11954.html,10% financed
Citibeats,We help cities and organizations to extract insights from people’s opinions.,Spain [Cataluña] United Kingdom Ireland,"Other Digital, including Content and Services / Industry for SMEs & Mid-Caps",https://ec.europa.eu/eipp/desktop/en/projects/project-11952.html,90% financed
Aweria,Aweria is the next generation e-health solution for emergency care.,Sweden [Västra Götalands län],Health / Industry for SMEs & Mid-Caps,https://ec.europa.eu/eipp/desktop/en/projects/project-11951.html,10% financed
WAVELY,Wavely is specialized in acoustics. Making sense of noise is our job. By combining signal processing and AI we listen to industrial machines to tell if they are working properly or have a malfunction.,France [Hauts-de-France],"Research, Development & Innovation / Industry for SMEs & Mid-Caps",https://ec.europa.eu/eipp/desktop/en/projects/project-11947.html,30% financed
Health Optimizing Italy and Switzerland,"Health Optimizing is a HI-TECH and INNOVATIVE medical concept, based on unique, NON-INVASIVE high technologies and NATURAL, proprietary methodologies, focused to find and treat real cause of diseases.",Italy [Lombardia],Health / Industry for SMEs & Mid-Caps,https://ec.europa.eu/eipp/desktop/en/projects/project-11945.html,20% financed
BookOnTheGo,Innovative reservation application BookOnTheGo with intelligent customer behaviour model.,Latvia [Rīga],"Other Digital, including Content and Services / Industry for SMEs & Mid-Caps",https://ec.europa.eu/eipp/desktop/en/projects/project-11943.html,0% financed
OWSKIMMER,OWSKIMMER will give solution to two huge problems regarding marine environment: excess of water recovered during Oil Spill Recovery Operations and recovery of micro-plastics. EC Seal of Excellence.,Spain [Aragón],"Resource Efficiency and Environmental Protection, including Blue Economy / Industry for SMEs & Mid-Caps",https://ec.europa.eu/eipp/desktop/en/projects/project-11942.html,10% financed
Lendwise,"Innovative P2P loan platform for higher education finance,providing affordable financing solution for postgraduate students and a social impact investment option for retail/institutional investors",United Kingdom [Inner London] Cyprus [Κύπρος (Kýpros)],"Industry for SMEs & Mid-Caps / Human Capital, Education & Training",https://ec.europa.eu/eipp/desktop/en/projects/project-11939.html,50% financed
MiRNA Green,We have discovered that microRNA obtained from plants are the most potent natural anti-inflammatory and immune regulating solutions for the prevention and treatment of non-communicable diseases.,Italy [Provincia Autonoma di Bolzano/Bozen],Health / Industry for SMEs & Mid-Caps,https://ec.europa.eu/eipp/desktop/en/projects/project-11938.html,20% financed
Better team results with faster video analysis,AISpotter automates video-clip production for coaches and fans. Our service automatically breaks down your videos and tracks the location and actions of every player.,Finland [Pohjois-Pohjanmaa],"Other Digital, including Content and Services / Industry for SMEs & Mid-Caps",https://ec.europa.eu/eipp/desktop/en/projects/project-11937.html,20% financed
Protein Data for Precision Medicine,Atturos is developing and delivering transformative advanced diagnostic tests based on protein data to support better decision making by clinicians and patients for improved healthcare outcomes.,Ireland [Dublin],"Health / Research, Development & Innovation",https://ec.europa.eu/eipp/desktop/en/projects/project-11933.html,15% financed
Weavr,We are looking to raise €2.5M equity finance to scale the Weavr business beyond the initial early adopters.,United Kingdom [Inner London] Malta [Malta],"Research, Development & Innovation / Industry for SMEs & Mid-Caps",https://ec.europa.eu/eipp/desktop/en/projects/project-11931.html,20% financed
STOKR,STOKR is a digital market place that allows innovative small and medium ventures to raise capital from investors by issuing tokenised digital securities (tokens).,Luxembourg [Luxembourg] Germany [HAMBURG] Italy [Lombardia],"Industry for SMEs & Mid-Caps / Other Digital, including Content and Services",https://ec.europa.eu/eipp/desktop/en/projects/project-11930.html,60% financed
Trauma Simulator,"The Virtual Reality Emergency Medicine Training Simulator helps medical students, residents, healthcare professionals, physicians learn and revive emergency medical skills.",Latvia [Rīga],"Research, Development & Innovation / Human Capital, Education & Training",https://ec.europa.eu/eipp/desktop/en/projects/project-11929.html,7% financed
Ellio,Ellio is an E-bike that combines car technology with bicycle craftsmanship to create the ultimate alternative for car drivers. Ellio’s unique two wheel drive system delivers unprecedented safety.,Belgium [Prov. Vlaams-Brabant],Vehicles and Transport Systems / Industry for SMEs & Mid-Caps,https://ec.europa.eu/eipp/desktop/en/projects/project-11928.html,20% financed
BLUETENTACLES,Bluetentacles solution (BTS) is a complete and advanced plug&play solution for the revamping of existing irrigation systems based on IoT and Ai.,Italy [Provincia Autonoma di Bolzano/Bozen] Italy [Provincia Autonoma di Trento],"Agriculture and rural development, forestry and bio-economy / Climate Change",https://ec.europa.eu/eipp/desktop/en/projects/project-11925.html,35% financed
4D Travel,"Nimest is a platform that transforms your smartphone or AR
glasses into a time machine and allows you to meet some of the most interesting people in the world’s history.",France [Centre-Val de Loire] Portugal France,Tourism / Cultural & Creative Industries,https://ec.europa.eu/eipp/desktop/en/projects/project-11923.html,1% financed
Makers Unite BV,"We are a creative agency for social inclusion of refugees. With design, textile development and production we make newcomers belong through collaborative making of products with a story that matters.",Netherlands [Noord-Holland] Italy Greece,Cultural & Creative Industries / Industry for SMEs & Mid-Caps,https://ec.europa.eu/eipp/desktop/en/projects/project-11921.html,25% financed
Smart speech,"We’re building an automated articulation assessment for children’s speech development, a speech version of the height and weight chart that parents already use for monitoring childhood development.",Ireland [Dublin],"Health / Research, Development & Innovation",https://ec.europa.eu/eipp/desktop/en/projects/project-11919.html,5% financed
Microfinancing and Credit Scoring Platform,Improving the lives of the unbanked or underbanked by providing them with digital access to essential services on a credit basis,Ireland [Dublin],"Social Infrastructure, Social and Solidarity Economy / Other Digital, including Content and Services",https://ec.europa.eu/eipp/desktop/en/projects/project-11916.html,5% financed
Salesbeat,"Salesbeat is a marketplace that uses matching algorithms to connect fast moving consumer goods brands with freelancers, suppliers, service providers and manufacturers.",United Kingdom [Outer London] Sweden [Stockholms län],"Other Digital, including Content and Services / Industry for SMEs & Mid-Caps",https://ec.europa.eu/eipp/desktop/en/projects/project-11912.html,0% financed
Innovation for Rehabilitation Experience,"Virtual reality games specialized in Physiotherapy and Rehabilitation as well as in Wellness, providing a Personalized Healthcare system.",Germany [BADEN-WÜRTTEMBERG],"Health / Other Digital, including Content and Services",https://ec.europa.eu/eipp/desktop/en/projects/project-11909.html,20% financed
Disrupting Digital Retail,"Our digital commerce platform is turning the €2bn bricks & mortar based charity
retail market into a €20bn omni-channel industry.",Ireland [Dublin] United Kingdom [Inner London] France [Grand-Est],"Other Digital, including Content and Services / Social Infrastructure, Social and Solidarity Economy",https://ec.europa.eu/eipp/desktop/en/projects/project-11907.html,25% financed
TRU Point-of-Care,GlowDx combines Molecular Diagnostics with Machine Learning to tackle infectious diseases in emerging economies. We diagnose patients and predict future outbreaks.,Ireland [West],"Research, Development & Innovation / Health",https://ec.europa.eu/eipp/desktop/en/projects/project-11906.html,50% financed
iLoF: Cloud-based library of disease biomarkers,"Enabling a new era of personalized medicine, through building a cloud-based library of diseases biomarkers.
Focusing our validated platform technology to on the epidemic of our times: Alzheimer’s.","Portugal [Norte] United Kingdom [Berkshire, Buckinghamshire and Oxfordshire]",Health / Industry for SMEs & Mid-Caps,https://ec.europa.eu/eipp/desktop/en/projects/project-11901.html,0% financed
Digital Asset Platform (‘DAP’),"The first commercial product of the QPQ Financial Network™, a distributed digital exchange enabling B2B, B2B2C and P2P transactions with near instant settlement.",Ireland [Dublin] United Kingdom [Inner London],"Industry for SMEs & Mid-Caps / Other Digital, including Content and Services",https://ec.europa.eu/eipp/desktop/en/projects/project-11900.html,40% financed
crowdbeamer,"Crowdbeamer is the first mobile presentation system that streams any presentation content in real time to all wireless connected portable devices, allowing to share information everywhere and anytime.",Belgium [Prov. Antwerpen] Hungary [Budapest],"Other Digital, including Content and Services / ICT Infrastructures, including Broadband",https://ec.europa.eu/eipp/desktop/en/projects/project-11899.html,15% financed
Generator-electric bus (GEV),In a pilot project at Munich Airport we are testing our patented generator-electric (GEV) bus for CO2 neutral mobility as a basis for converting 35 000 diesel buses that are currently providing public transport.,Germany [BAYERN],Urban Mobility Projects / Industry for SMEs & Mid-Caps,https://ec.europa.eu/eipp/desktop/en/projects/project-11898.html,30% financed
ArtAssistant,ArtAssistant is an independent and cloud based disruptive platform gathering all stakeholders from the world of art in a one-stop shop.,Belgium [Prov. West-Vlaanderen],"Cultural & Creative Industries / Other Digital, including Content and Services",https://ec.europa.eu/eipp/desktop/en/projects/project-11897.html,30% financed
Urban Crop Solutions,"Urban Crop Solutions develops and builds indoor vertical farms: Plant recipes, hardware & software. All tailor-made to the specific needs of our clients.",Belgium [Prov. West-Vlaanderen] Belgium,"Agriculture and rural development, forestry and bio-economy / Industry for SMEs & Mid-Caps",https://ec.europa.eu/eipp/desktop/en/projects/project-11895.html,0% financed
BESS Kraftwerk 2x200 MW/340MWh,"The Disruptive High Performance Technology >PHYSICAL BESS KRAFTWERK™
Climate Change>Energy Change >Automated integration of renewable energy power plants (solar + wind and other) into existing power",Germany [NIEDERSACHSEN] United Kingdom [Outer London] Italy [Lombardia],Renewable Energy Production / Climate Change,https://ec.europa.eu/eipp/desktop/en/projects/project-11894.html,30% financed
FocalSun Rooftop Concentrated Solar,FocalSun has developed the world’s first light-weight rooftop concentrated solar for industrial use; that can produce nearly five timers more energy than standard solar panels.,United Kingdom [Outer London] Italy [Emilia-Romagna],Renewable Energy Production / Energy R&D,https://ec.europa.eu/eipp/desktop/en/projects/project-11892.html,70% financed
CreditStretcher,"CreditStretcher is the immediate payment platform for underserved SMEs.
We provide SMEs with liquidity based on invoices by stretching their credit with up to 90 days - Simple, fair and secure",Denmark [Hovedstaden] Germany United Kingdom,"Industry for SMEs & Mid-Caps / Other Digital, including Content and Services",https://ec.europa.eu/eipp/desktop/en/projects/project-11888.html,45% financed
Targeting membrane disorders for CF,"ConicMeds develops novel membrane Nanospacers, to target membrane disorders in lipointoxication-related diseases such as pulmonary (CF, COPD) and metabolic diseases (NASH, T2D, CFLD)",France [Nouvelle-Aquitaine],"Health / Research, Development & Innovation",https://ec.europa.eu/eipp/desktop/en/projects/project-11883.html,5% financed
Transitional Housing,Our objective is to provide innovative transitional housing (ITH) opportunities for senior and disabled persons.,Belgium [Prov. Namur],Health / Industry for SMEs & Mid-Caps,https://ec.europa.eu/eipp/desktop/en/projects/project-11882.html,34% financed
CellHIVE,"New technology for an energy storage system that is both on board and stationary; it is rechargeable, environmentally friendly and - in what is a first - recyclable, with no precious metals, and is completely safe.",France [Hauts-de-France] Belgium [Région de Bruxelles-Capitale/Brussels Hoofdstedelijk Gewest],Energy R&D / Vehicles and Transport Systems,https://ec.europa.eu/eipp/desktop/en/projects/project-11877.html,1% financed
SMEs new data sources and AI for finance,"Banks and insurance companies only receive a one-shot information input from their SMEs clients every year, we have solved this with an automated risk assessment system that provides real time info.",Spain [Comunidad de Madrid],"Other Digital, including Content and Services / Industry for SMEs & Mid-Caps",https://ec.europa.eu/eipp/desktop/en/projects/project-11854.html,25% financed
Material Recovery Complex from End of LifeTyres,"Rubber Recycling, End of Life Tyres, Green Economy, Circular Economy, Waste, Plastic, Re-Use.",Italy [Lazio],"Resource Efficiency and Environmental Protection, including Blue Economy / Industry for SMEs & Mid-Caps",https://ec.europa.eu/eipp/desktop/en/projects/project-11803.html,20% financed
Commoditisation of Health Care diagnostics,MediqAid’s mission is to commoditise Health Care Diagnoses & provide assistance in obtaining the best fitting treatment. MediqAid community members assist or self determine the best pain explanation.,Belgium [Région de Bruxelles-Capitale/Brussels Hoofdstedelijk Gewest] Netherlands [Zuid-Holland] France [Île de France],"Health / Other Digital, including Content and Services",https://ec.europa.eu/eipp/desktop/en/projects/project-10398.html,5% financed
DScore - Car Certified Driving Score,"A Connected Vehicle system that provides Certified Driving information as driving scores or an accident characterization, able to support a regulated vehicle usage public policy or a court cause",Portugal [Lisboa] Spain Germany,"Vehicles and Transport Systems / Human Capital, Education & Training",https://ec.europa.eu/eipp/desktop/en/projects/project-11891.html,38% financed
ICUB3-Prevent the avoidable hospital infections,"ICUB3 is a software system designed and developed by Dhabibic to prevent the avoidable hospital associated infection, by applying a systematic risk management approach brought from Oil&Gas industry.",Portugal [Lisboa] Spain Germany,"Health / Other Digital, including Content and Services",https://ec.europa.eu/eipp/desktop/en/projects/project-11890.html,9% financed
B2B-Platform for Pre-Owned Tooling Machines,"matoopa is a successful e-commerce platform for new tools, machines and parts. As a next step we’d like to extend our position towards a sales platform for the huge market of used tooling machines.",Germany [BADEN-WÜRTTEMBERG],"ICT Infrastructures, including Broadband / Industry for SMEs & Mid-Caps",https://ec.europa.eu/eipp/desktop/en/projects/project-11887.html,20% financed
